[
  {
      "id": 1,
      "nom": "Anna",
      "cognom": "Garcia",
      "curs": "Segon",
      "cicle": "Desenvolupament d'Aplicacions Web",
      "notes": {
          "Programació": 7.4,
          "Bases de Dades": 5.2,
          "Desenvolupament Web": 9.3,
          "Entorns de Desenvolupament": 5.2,
          "Serveis i Processos": 9.2
      },
      "moduls_segona_avaluacio": {
          "Programació": "2025-01-14",
          "Bases de Dades": "2025-01-21",
          "Desenvolupament Web": "2025-01-28",
          "Entorns de Desenvolupament": "2025-02-04",
          "Serveis i Processos": "2025-02-11"
      }
  },
  {
      "id": 2,
      "nom": "Marc",
      "cognom": "Martinez",
      "curs": "Segon",
      "cicle": "Desenvolupament d'Aplicacions Web",
      "notes": {
          "Programació": 5.5,
          "Bases de Dades": 8.7,
          "Desenvolupament Web": 5.7,
          "Entorns de Desenvolupament": 5.5,
          "Serveis i Processos": 5.5
      },
      "moduls_segona_avaluacio": {
          "Programació": "2025-01-14",
          "Bases de Dades": "2025-01-21",
          "Desenvolupament Web": "2025-01-28",
          "Entorns de Desenvolupament": "2025-02-04",
          "Serveis i Processos": "2025-02-11"
      }
  },
  {
      "id": 3,
      "nom": "Laura",
      "cognom": "Soler",
      "curs": "Segon",
      "cicle": "Desenvolupament d'Aplicacions Web",
      "notes": {
          "Programació": 7.3,
          "Bases de Dades": 7.7,
          "Desenvolupament Web": 8.3,
          "Entorns de Desenvolupament": 6.9,
          "Serveis i Processos": 6.8
      },
      "moduls_segona_avaluacio": {
          "Programació": "2025-01-14",
          "Bases de Dades": "2025-01-21",
          "Desenvolupament Web": "2025-01-28",
          "Entorns de Desenvolupament": "2025-02-04",
          "Serveis i Processos": "2025-02-11"
      }
  },
  {
      "id": 4,
      "nom": "Pere",
      "cognom": "Vila",
      "curs": "Segon",
      "cicle": "Desenvolupament d'Aplicacions Web",
      "notes": {
          "Programació": 7.0,
          "Bases de Dades": 8.1,
          "Desenvolupament Web": 5.8,
          "Entorns de Desenvolupament": 9.6,
          "Serveis i Processos": 8.6
      },
      "moduls_segona_avaluacio": {
          "Programació": "2025-01-14",
          "Bases de Dades": "2025-01-21",
          "Desenvolupament Web": "2025-01-28",
          "Entorns de Desenvolupament": "2025-02-04",
          "Serveis i Processos": "2025-02-11"
      }
  },
  {
      "id": 5,
      "nom": "Marta",
      "cognom": "Ferrer",
      "curs": "Segon",
      "cicle": "Desenvolupament d'Aplicacions Web",
      "notes": {
          "Programació": 9.5,
          "Bases de Dades": 8.5,
          "Desenvolupament Web": 7.7,
          "Entorns de Desenvolupament": 6.7,
          "Serveis i Processos": 7.9
      },
      "moduls_segona_avaluacio": {
          "Programació": "2025-01-14",
          "Bases de Dades": "2025-01-21",
          "Desenvolupament Web": "2025-01-28",
          "Entorns de Desenvolupament": "2025-02-04",
          "Serveis i Processos": "2025-02-11"
      }
  },
  {
      "id": 6,
      "nom": "Jordi",
      "cognom": "Puig",
      "curs": "Segon",
      "cicle": "Desenvolupament d'Aplicacions Web",
      "notes": {
          "Programació": 9.2,
          "Bases de Dades": 10.0,
          "Desenvolupament Web": 6.6,
          "Entorns de Desenvolupament": 9.7,
          "Serveis i Processos": 9.6
      },
      "moduls_segona_avaluacio": {
          "Programació": "2025-01-14",
          "Bases de Dades": "2025-01-21",
          "Desenvolupament Web": "2025-01-28",
          "Entorns de Desenvolupament": "2025-02-04",
          "Serveis i Processos": "2025-02-11"
      }
  },
  {
      "id": 7,
      "nom": "Carla",
      "cognom": "Rovira",
      "curs": "Segon",
      "cicle": "Desenvolupament d'Aplicacions Web",
      "notes": {
          "Programació": 5.4,
          "Bases de Dades": 7.2,
          "Desenvolupament Web": 6.2,
          "Entorns de Desenvolupament": 8.1,
          "Serveis i Processos": 8.8
      },
      "moduls_segona_avaluacio": {
          "Programació": "2025-01-14",
          "Bases de Dades": "2025-01-21",
          "Desenvolupament Web": "2025-01-28",
          "Entorns de Desenvolupament": "2025-02-04",
          "Serveis i Processos": "2025-02-11"
      }
  },
  {
      "id": 8,
      "nom": "Joan",
      "cognom": "Lopez",
      "curs": "Segon",
      "cicle": "Desenvolupament d'Aplicacions Web",
      "notes": {
          "Programació": 5.4,
          "Bases de Dades": 6.1,
          "Desenvolupament Web": 7.9,
          "Entorns de Desenvolupament": 7.6,
          "Serveis i Processos": 5.0
      },
      "moduls_segona_avaluacio": {
          "Programació": "2025-01-14",
          "Bases de Dades": "2025-01-21",
          "Desenvolupament Web": "2025-01-28",
          "Entorns de Desenvolupament": "2025-02-04",
          "Serveis i Processos": "2025-02-11"
      }
  },
  {
      "id": 9,
      "nom": "Sofia",
      "cognom": "Cruz",
      "curs": "Segon",
      "cicle": "Desenvolupament d'Aplicacions Web",
      "notes": {
          "Programació": 8.9,
          "Bases de Dades": 6.8,
          "Desenvolupament Web": 7.5,
          "Entorns de Desenvolupament": 8.5,
          "Serveis i Processos": 5.7
      },
      "moduls_segona_avaluacio": {
          "Programació": "2025-01-14",
          "Bases de Dades": "2025-01-21",
          "Desenvolupament Web": "2025-01-28",
          "Entorns de Desenvolupament": "2025-02-04",
          "Serveis i Processos": "2025-02-11"
      }
  },
  {
      "id": 10,
      "nom": "Albert",
      "cognom": "Navarro",
      "curs": "Segon",
      "cicle": "Desenvolupament d'Aplicacions Web",
      "notes": {
          "Programació": 8.2,
          "Bases de Dades": 6.7,
          "Desenvolupament Web": 6.9,
          "Entorns de Desenvolupament": 5.8,
          "Serveis i Processos": 5.9
      },
      "moduls_segona_avaluacio": {
          "Programació": "2025-01-14",
          "Bases de Dades": "2025-01-21",
          "Desenvolupament Web": "2025-01-28",
          "Entorns de Desenvolupament": "2025-02-04",
          "Serveis i Processos": "2025-02-11"
      }
  }
]